{
  "benchmark": "round10_talon_manuscript_closing",
  "decoder_headlines": [
    {
      "count_mae_mean": 0.04185805312316826,
      "count_mae_std": 0.018419734175806692,
      "decoder_lstsq_pixel_mse_from_est_mean": 0.0001505827908676979,
      "decoder_lstsq_pixel_mse_from_est_std": 4.2019401462288176e-05,
      "decoder_lstsq_pixel_mse_from_true_mean": 4.148599049588704e-31,
      "decoder_lstsq_pixel_mse_from_true_std": 3.4987127952072827e-31,
      "experiment": "decoder_probe",
      "hidden_prototype_corr_mean": 0.999991750952977,
      "hidden_prototype_corr_std": 3.079801253730366e-06,
      "hidden_prototype_mse_mean": 0.00015058279086769904,
      "hidden_prototype_mse_std": 4.201940146228699e-05,
      "individual_mse_from_prototypes_mean": 0.266669418924604,
      "individual_mse_from_prototypes_std": 0.04054950324896486,
      "n": 8.0,
      "pixel_class_mean_corr_mean": 0.9999920033401559,
      "pixel_class_mean_corr_std": 2.590862373981098e-06,
      "pixel_class_mean_mse_mean": 0.0001505827908676993,
      "pixel_class_mean_mse_std": 4.201940146228717e-05,
      "scenario": "decoder_balanced"
    },
    {
      "count_mae_mean": 2.5742589163802783,
      "count_mae_std": 1.2392879144565692,
      "decoder_lstsq_pixel_mse_from_est_mean": 6.587692807101619,
      "decoder_lstsq_pixel_mse_from_est_std": 11.589925582272796,
      "decoder_lstsq_pixel_mse_from_true_mean": 4.148599049588704e-31,
      "decoder_lstsq_pixel_mse_from_true_std": 3.4987127952072827e-31,
      "experiment": "decoder_probe",
      "hidden_prototype_corr_mean": 0.9991558456937696,
      "hidden_prototype_corr_std": 0.00030993546640918087,
      "hidden_prototype_mse_mean": 6.587692807101611,
      "hidden_prototype_mse_std": 11.589925582272778,
      "individual_mse_from_prototypes_mean": 6.829096590724982,
      "individual_mse_from_prototypes_std": 11.552699886669028,
      "n": 8.0,
      "pixel_class_mean_corr_mean": 0.9991897308568958,
      "pixel_class_mean_corr_std": 0.00034619518561151,
      "pixel_class_mean_mse_mean": 6.587692807101612,
      "pixel_class_mean_mse_std": 11.58992558227278,
      "scenario": "decoder_minibatch"
    }
  ],
  "decoder_setup": {
    "dim_pixel": 28,
    "map": "y = x @ D with fixed orthonormal D",
    "semantic_claim": "Recovered hidden prototypes correlate with decodable pixel class means when Tier-1 succeeds; not raw-image inversion"
  },
  "frozen_mlp_headlines": [
    {
      "count_mae_mean": 0.11707147169501309,
      "count_mae_std": 0.04112379551361006,
      "experiment": "frozen_mlp_backbone",
      "n": 8.0,
      "passive_prototype_mse_mean": 0.3665464279813333,
      "passive_prototype_mse_std": 0.1835668749842275,
      "scenario": "frozen_mlp_balanced",
      "tango_prototype_mse_mean": 0.0030237965563268947,
      "tango_prototype_mse_std": 0.00396253160623789,
      "tango_vs_passive_gain_x_mean": 217.99977679016237,
      "tango_vs_passive_gain_x_std": 117.85184017682829
    },
    {
      "count_mae_mean": 0.23490634137610006,
      "count_mae_std": 0.08542118113130205,
      "experiment": "frozen_mlp_backbone",
      "n": 8.0,
      "passive_prototype_mse_mean": 0.612882152846237,
      "passive_prototype_mse_std": 0.22287759158813253,
      "scenario": "frozen_mlp_imbalanced",
      "tango_prototype_mse_mean": 0.004383043789762719,
      "tango_prototype_mse_std": 0.0036306348261232824,
      "tango_vs_passive_gain_x_mean": 184.6036527683474,
      "tango_vs_passive_gain_x_std": 93.11356570701764
    }
  ],
  "headline": {
    "decoder_balanced_hidden_corr": 0.999991750952977,
    "decoder_balanced_hidden_mse": 0.00015058279086769904,
    "decoder_balanced_lstsq_pixel_mse_from_est": 0.0001505827908676979,
    "decoder_balanced_pixel_corr": 0.9999920033401559,
    "decoder_balanced_pixel_mse": 0.0001505827908676993,
    "decoder_minibatch_hidden_mse": 6.587692807101611,
    "decoder_minibatch_pixel_mse": 6.587692807101612,
    "frozen_mlp_balanced_gain_x": 217.99977679016237,
    "frozen_mlp_balanced_passive_mse": 0.3665464279813333,
    "frozen_mlp_balanced_tango_mse": 0.0030237965563268947
  },
  "method": "decoder semantic probe + frozen nonlinear backbone",
  "per_seed": [
    {
      "count_mae": 0.015095742354228392,
      "decoder_lstsq_pixel_mse_from_est": 0.00017921045736077543,
      "decoder_lstsq_pixel_mse_from_true": 3.585973222889661e-31,
      "dim_pixel": 28.0,
      "experiment": "decoder_probe",
      "hidden_prototype_corr": 0.9999922231270059,
      "hidden_prototype_mse": 0.00017921045736077259,
      "individual_mse_from_prototypes": 0.26402742916193295,
      "pixel_class_mean_corr": 0.9999921897949101,
      "pixel_class_mean_mse": 0.00017921045736077288,
      "scenario": "decoder_balanced",
      "seed": 3.0
    },
    {
      "count_mae": 0.05921954129589372,
      "decoder_lstsq_pixel_mse_from_est": 0.00021932510615743539,
      "decoder_lstsq_pixel_mse_from_true": 2.6082227260188206e-31,
      "dim_pixel": 28.0,
      "experiment": "decoder_probe",
      "hidden_prototype_corr": 0.9999912479735471,
      "hidden_prototype_mse": 0.00021932510615743807,
      "individual_mse_from_prototypes": 0.22654020568687283,
      "pixel_class_mean_corr": 0.9999899357624638,
      "pixel_class_mean_mse": 0.00021932510615743858,
      "scenario": "decoder_balanced",
      "seed": 7.0
    },
    {
      "count_mae": 0.02635829864541428,
      "decoder_lstsq_pixel_mse_from_est": 0.00015720252643960903,
      "decoder_lstsq_pixel_mse_from_true": 3.729113953652192e-31,
      "dim_pixel": 28.0,
      "experiment": "decoder_probe",
      "hidden_prototype_corr": 0.9999860127489383,
      "hidden_prototype_mse": 0.0001572025264396062,
      "individual_mse_from_prototypes": 0.28147259128100927,
      "pixel_class_mean_corr": 0.9999908479473447,
      "pixel_class_mean_mse": 0.00015720252643960686,
      "scenario": "decoder_balanced",
      "seed": 11.0
    },
    {
      "count_mae": 0.04166278591767399,
      "decoder_lstsq_pixel_mse_from_est": 9.446712497757866e-05,
      "decoder_lstsq_pixel_mse_from_true": 1.982813087765523e-31,
      "dim_pixel": 28.0,
      "experiment": "decoder_probe",
      "hidden_prototype_corr": 0.9999952843869776,
      "hidden_prototype_mse": 9.446712497757956e-05,
      "individual_mse_from_prototypes": 0.24471487630439456,
      "pixel_class_mean_corr": 0.9999963103769511,
      "pixel_class_mean_mse": 9.446712497757967e-05,
      "scenario": "decoder_balanced",
      "seed": 19.0
    },
    {
      "count_mae": 0.06865527074173183,
      "decoder_lstsq_pixel_mse_from_est": 0.00012464244685851637,
      "decoder_lstsq_pixel_mse_from_true": 3.991618205072172e-31,
      "dim_pixel": 28.0,
      "experiment": "decoder_probe",
      "hidden_prototype_corr": 0.999992035351266,
      "hidden_prototype_mse": 0.00012464244685852482,
      "individual_mse_from_prototypes": 0.35911303457698646,
      "pixel_class_mean_corr": 0.9999919960500462,
      "pixel_class_mean_mse": 0.00012464244685852507,
      "scenario": "decoder_balanced",
      "seed": 23.0
    },
    {
      "count_mae": 0.029804721350571366,
      "decoder_lstsq_pixel_mse_from_est": 0.00017729528295247656,
      "decoder_lstsq_pixel_mse_from_true": 1.2191818648159841e-31,
      "dim_pixel": 28.0,
      "experiment": "decoder_probe",
      "hidden_prototype_corr": 0.9999897256156342,
      "hidden_prototype_mse": 0.0001772952829524765,
      "individual_mse_from_prototypes": 0.2858071142671566,
      "pixel_class_mean_corr": 0.9999901857435808,
      "pixel_class_mean_mse": 0.00017729528295247737,
      "scenario": "decoder_balanced",
      "seed": 29.0
    },
    {
      "count_mae": 0.06345679990236579,
      "decoder_lstsq_pixel_mse_from_est": 0.00016379312746358019,
      "decoder_lstsq_pixel_mse_from_true": 2.9593638907751727e-31,
      "dim_pixel": 28.0,
      "experiment": "decoder_probe",
      "hidden_prototype_corr": 0.9999907472108456,
      "hidden_prototype_mse": 0.00016379312746357964,